id	study_id	run_id	organism	type	descriptor	cell_type	cell_type_color	study_symbol
SRP011318_SRR438467	SRP011318	SRR438467	Mus_musculus	Pluripotent	iPSC_MEF	iPSC	#e41a1c	0
SRP011318_SRR438468	SRP011318	SRR438468	Mus_musculus	Pluripotent	iPSC_MEF	iPSC	#e41a1c	0
SRP011318_SRR438469	SRP011318	SRR438469	Mus_musculus	Pluripotent	iPSC_APC	iPSC	#e41a1c	0
SRP011318_SRR438470	SRP011318	SRR438470	Mus_musculus	Pluripotent	iPSC_APC	iPSC	#e41a1c	0
SRP011318_SRR438471	SRP011318	SRR438471	Mus_musculus	Pluripotent	iPSC_HPC	iPSC	#e41a1c	0
SRP011318_SRR438472	SRP011318	SRR438472	Mus_musculus	Pluripotent	iPSC_HPC	iPSC	#e41a1c	0
SRP011318_SRR438473	SRP011318	SRR438473	Mus_musculus	Pluripotent	iPSC_APC	iPSC	#e41a1c	0
SRP011318_SRR438474	SRP011318	SRR438474	Mus_musculus	Pluripotent	iPSC_APC	iPSC	#e41a1c	0
SRP011318_SRR438475	SRP011318	SRR438475	Mus_musculus	Pluripotent	iPSC_MEF	iPSC	#e41a1c	0
SRP011318_SRR438476	SRP011318	SRR438476	Mus_musculus	Pluripotent	iPSC_MEF	iPSC	#e41a1c	0
SRP011318_SRR438477	SRP011318	SRR438477	Mus_musculus	Pluripotent	iPSC_APC	iPSC	#e41a1c	0
SRP011318_SRR438478	SRP011318	SRR438478	Mus_musculus	Pluripotent	iPSC_APC	iPSC	#e41a1c	0
SRP011318_SRR438479	SRP011318	SRR438479	Mus_musculus	Pluripotent	iPSC_HPC	iPSC	#e41a1c	0
SRP011318_SRR438480	SRP011318	SRR438480	Mus_musculus	Pluripotent	iPSC_HPC	iPSC	#e41a1c	0
SRP011318_SRR438481	SRP011318	SRR438481	Mus_musculus	Pluripotent	iPSC_APC	iPSC	#e41a1c	0
SRP011318_SRR438482	SRP011318	SRR438482	Mus_musculus	Pluripotent	iPSC_APC	iPSC	#e41a1c	0
SRP011318_SRR438483	SRP011318	SRR438483	Mus_musculus	Differentiated	MEF	fibroblast	#377eb8	0
SRP011318_SRR438484	SRP011318	SRR438484	Mus_musculus	Differentiated	MEF	fibroblast	#377eb8	0
SRP011318_SRR438485	SRP011318	SRR438485	Mus_musculus	Differentiated	APC	APC	#4daf4a	0
SRP011318_SRR438486	SRP011318	SRR438486	Mus_musculus	Differentiated	APC	APC	#4daf4a	0
SRP011318_SRR438487	SRP011318	SRR438487	Mus_musculus	Differentiated	HPC	HPC	#ffff33	0
SRP011318_SRR438488	SRP011318	SRR438488	Mus_musculus	Differentiated	HPC	HPC	#ffff33	0
SRP011318_SRR438489	SRP011318	SRR438489	Mus_musculus	Differentiated	APC	APC	#4daf4a	0
SRP011318_SRR438490	SRP011318	SRR438490	Mus_musculus	Differentiated	APC	APC	#4daf4a	0
SRP016568_SRR597884	SRP016568	SRR597884	Homo_sapiens	Differentiated	foreskin_fibro	fibroblast	#377eb8	1
SRP016568_SRR597885	SRP016568	SRR597885	Homo_sapiens	Pluripotent	iPSC	iPSC	#e41a1c	1
SRP016568_SRR597886	SRP016568	SRR597886	Homo_sapiens	Pluripotent	iPSC	iPSC	#e41a1c	1
SRP016568_SRR597887	SRP016568	SRR597887	Homo_sapiens	Pluripotent	iPSC	iPSC	#e41a1c	1
SRP016568_SRR597888	SRP016568	SRR597888	Homo_sapiens	Differentiated	foreskin_fibro	fibroblast	#377eb8	1
SRP016568_SRR597889	SRP016568	SRR597889	Homo_sapiens	Pluripotent	iPSC	iPSC	#e41a1c	1
SRP016568_SRR597890	SRP016568	SRR597890	Homo_sapiens	Pluripotent	iPSC	iPSC	#e41a1c	1
SRP016568_SRR597891	SRP016568	SRR597891	Homo_sapiens	Pluripotent	iPSC	iPSC	#e41a1c	1
SRP016568_SRR597892	SRP016568	SRR597892	Homo_sapiens	Differentiated	foreskin_fibro	fibroblast	#377eb8	1
SRP016568_SRR597893	SRP016568	SRR597893	Homo_sapiens	Pluripotent	iPSC	iPSC	#e41a1c	1
SRP016568_SRR597894	SRP016568	SRR597894	Homo_sapiens	Pluripotent	iPSC	iPSC	#e41a1c	1
SRP016568_SRR597895	SRP016568	SRR597895	Homo_sapiens	Pluripotent	iPSC	iPSC	#e41a1c	1
SRP016568_SRR597896	SRP016568	SRR597896	Homo_sapiens	Differentiated	foreskin_fibro	fibroblast	#377eb8	1
SRP016568_SRR597897	SRP016568	SRR597897	Homo_sapiens	Pluripotent	iPSC	iPSC	#e41a1c	1
SRP016568_SRR597898	SRP016568	SRR597898	Homo_sapiens	Pluripotent	iPSC	iPSC	#e41a1c	1
SRP016568_SRR597899	SRP016568	SRR597899	Homo_sapiens	Pluripotent	iPSC	iPSC	#e41a1c	1
SRP016568_SRR597900	SRP016568	SRR597900	Homo_sapiens	Differentiated	foreskin_fibro	fibroblast	#377eb8	1
SRP016568_SRR597901	SRP016568	SRR597901	Homo_sapiens	Pluripotent	iPSC	iPSC	#e41a1c	1
SRP016568_SRR597902	SRP016568	SRR597902	Homo_sapiens	Pluripotent	iPSC	iPSC	#e41a1c	1
SRP016568_SRR597903	SRP016568	SRR597903	Homo_sapiens	Pluripotent	iPSC	iPSC	#e41a1c	1
SRP016568_SRR597904	SRP016568	SRR597904	Homo_sapiens	Differentiated	foreskin_fibro	fibroblast	#377eb8	1
SRP016568_SRR597905	SRP016568	SRR597905	Homo_sapiens	Pluripotent	iPSC	iPSC	#e41a1c	1
SRP016568_SRR597906	SRP016568	SRR597906	Homo_sapiens	Pluripotent	iPSC	iPSC	#e41a1c	1
SRP016568_SRR597907	SRP016568	SRR597907	Homo_sapiens	Pluripotent	iPSC	iPSC	#e41a1c	1
SRP016568_SRR597908	SRP016568	SRR597908	Homo_sapiens	Differentiated	foreskin_fibro	fibroblast	#377eb8	1
SRP016568_SRR597909	SRP016568	SRR597909	Homo_sapiens	Pluripotent	iPSC	iPSC	#e41a1c	1
SRP016568_SRR597910	SRP016568	SRR597910	Homo_sapiens	Pluripotent	iPSC	iPSC	#e41a1c	1
SRP016568_SRR597911	SRP016568	SRR597911	Homo_sapiens	Pluripotent	iPSC	iPSC	#e41a1c	1
SRP026281_SRR921478	SRP026281	SRR921478	Mus_musculus	Differentiated	MEF	fibroblast	#377eb8	2
SRP026281_SRR921479	SRP026281	SRR921479	Mus_musculus	Differentiated	MEF	fibroblast	#377eb8	2
SRP026281_SRR921484	SRP026281	SRR921484	Mus_musculus	Pluripotent	ciPSC	iPSC	#e41a1c	2
SRP026281_SRR921485	SRP026281	SRR921485	Mus_musculus	Pluripotent	ciPSC	iPSC	#e41a1c	2
SRP033561_SRR1044368	SRP033561	SRR1044368	Mus_musculus	Differentiated	MEF_slow_bulk	fibroblast	#377eb8	3
SRP033561_SRR1044369	SRP033561	SRR1044369	Mus_musculus	Differentiated	MEF_slow_bulk	fibroblast	#377eb8	3
SRP033561_SRR1044370	SRP033561	SRR1044370	Mus_musculus	Differentiated	MEF_slow_bulk	fibroblast	#377eb8	3
SRP033561_SRR1044371	SRP033561	SRR1044371	Mus_musculus	Differentiated	MEF_slow_bulk	fibroblast	#377eb8	3
SRP033561_SRR1044372	SRP033561	SRR1044372	Mus_musculus	Pluripotent	iPSC_fast_bulk	iPSC	#e41a1c	3
SRP033561_SRR1044373	SRP033561	SRR1044373	Mus_musculus	Pluripotent	iPSC_fast_bulk	iPSC	#e41a1c	3
SRP033561_SRR1044374	SRP033561	SRR1044374	Mus_musculus	Pluripotent	iPSC_fast_bulk	iPSC	#e41a1c	3
SRP033561_SRR1044375	SRP033561	SRR1044375	Mus_musculus	Pluripotent	iPSC_fast_bulk	iPSC	#e41a1c	3
SRP033569_SRR1044672	SRP033569	SRR1044672	Homo_sapiens	Pluripotent	iPSC_Retro	iPSC	#e41a1c	4
SRP033569_SRR1044673	SRP033569	SRR1044673	Homo_sapiens	Pluripotent	iPSC_Retro	iPSC	#e41a1c	4
SRP033569_SRR1044674	SRP033569	SRR1044674	Homo_sapiens	Pluripotent	iPSC_Sendai	iPSC	#e41a1c	4
SRP033569_SRR1044675	SRP033569	SRR1044675	Homo_sapiens	Pluripotent	iPSC_Sendai	iPSC	#e41a1c	4
SRP033569_SRR1044676	SRP033569	SRR1044676	Homo_sapiens	Differentiated	fibro	fibroblast	#377eb8	4
SRP033569_SRR1268172	SRP033569	SRR1268172	Homo_sapiens	Pluripotent	iPSC_Retro	iPSC	#e41a1c	4
SRP033569_SRR1268173	SRP033569	SRR1268173	Homo_sapiens	Pluripotent	iPSC_Retro	iPSC	#e41a1c	4
SRP033569_SRR1268174	SRP033569	SRR1268174	Homo_sapiens	Pluripotent	iPSC_Sendai	iPSC	#e41a1c	4
SRP033569_SRR1268175	SRP033569	SRR1268175	Homo_sapiens	Pluripotent	iPSC_Sendai	iPSC	#e41a1c	4
SRP033569_SRR1268176	SRP033569	SRR1268176	Homo_sapiens	Pluripotent	iPSC_Sendai	iPSC	#e41a1c	4
SRP033569_SRR1268177	SRP033569	SRR1268177	Homo_sapiens	Pluripotent	iPSC_Sendai	iPSC	#e41a1c	4
SRP033569_SRR1268178	SRP033569	SRR1268178	Homo_sapiens	Differentiated	fibro	fibroblast	#377eb8	4
SRP033700_SRR1047515	SRP033700	SRR1047515	Mus_musculus	Pluripotent	iPSC	iPSC	#e41a1c	5
SRP033700_SRR1047516	SRP033700	SRR1047516	Mus_musculus	Pluripotent	iPSC	iPSC	#e41a1c	5
SRP033700_SRR1047517	SRP033700	SRR1047517	Mus_musculus	Differentiated	MEF	fibroblast	#377eb8	5
SRP033700_SRR1047518	SRP033700	SRR1047518	Mus_musculus	Differentiated	MEF	fibroblast	#377eb8	5
SRP045688_SRR1555656	SRP045688	SRR1555656	Mus_musculus	Differentiated	MEF	fibroblast	#377eb8	6
SRP045688_SRR1555658	SRP045688	SRR1555658	Mus_musculus	Pluripotent	iPSC	iPSC	#e41a1c	6
SRP045688_SRR2095313	SRP045688	SRR2095313	Mus_musculus	Differentiated	MEF	fibroblast	#377eb8	6
SRP045688_SRR2095315	SRP045688	SRR2095315	Mus_musculus	Pluripotent	iPSC	iPSC	#e41a1c	6
SRP045999_SRR1562676	SRP045999	SRR1562676	Pan_troglodytes	Pluripotent	iPSC_fibro	iPSC	#e41a1c	7
SRP045999_SRR1562677	SRP045999	SRR1562677	Pan_troglodytes	Pluripotent	iPSC_fibro	iPSC	#e41a1c	7
SRP045999_SRR1562678	SRP045999	SRR1562678	Pan_troglodytes	Pluripotent	iPSC_fibro	iPSC	#e41a1c	7
SRP045999_SRR1562679	SRP045999	SRR1562679	Pan_troglodytes	Pluripotent	iPSC_fibro	iPSC	#e41a1c	7
SRP045999_SRR1562680	SRP045999	SRR1562680	Pan_troglodytes	Pluripotent	iPSC_fibro	iPSC	#e41a1c	7
SRP045999_SRR1562681	SRP045999	SRR1562681	Pan_troglodytes	Pluripotent	iPSC_fibro	iPSC	#e41a1c	7
SRP045999_SRR1562682	SRP045999	SRR1562682	Pan_troglodytes	Pluripotent	iPSC_fibro	iPSC	#e41a1c	7
SRP045999_SRR1562683	SRP045999	SRR1562683	Pan_troglodytes	Pluripotent	iPSC_fibro	iPSC	#e41a1c	7
SRP045999_SRR1562684	SRP045999	SRR1562684	Pan_troglodytes	Pluripotent	iPSC_fibro	iPSC	#e41a1c	7
SRP045999_SRR1562685	SRP045999	SRR1562685	Pan_troglodytes	Pluripotent	iPSC_fibro	iPSC	#e41a1c	7
SRP045999_SRR1562686	SRP045999	SRR1562686	Pan_troglodytes	Pluripotent	iPSC_fibro	iPSC	#e41a1c	7
SRP045999_SRR1562687	SRP045999	SRR1562687	Pan_troglodytes	Pluripotent	iPSC_fibro	iPSC	#e41a1c	7
SRP045999_SRR1562688	SRP045999	SRR1562688	Pan_troglodytes	Pluripotent	iPSC_fibro	iPSC	#e41a1c	7
SRP045999_SRR1562689	SRP045999	SRR1562689	Pan_troglodytes	Pluripotent	iPSC_fibro	iPSC	#e41a1c	7
SRP045999_SRR1562690	SRP045999	SRR1562690	Pan_troglodytes	Pluripotent	iPSC_fibro	iPSC	#e41a1c	7
SRP045999_SRR1562691	SRP045999	SRR1562691	Pan_troglodytes	Pluripotent	iPSC_fibro	iPSC	#e41a1c	7
SRP045999_SRR1562692	SRP045999	SRR1562692	Pan_troglodytes	Pluripotent	iPSC_fibro	iPSC	#e41a1c	7
SRP045999_SRR1562693	SRP045999	SRR1562693	Pan_troglodytes	Pluripotent	iPSC_fibro	iPSC	#e41a1c	7
SRP045999_SRR1562694	SRP045999	SRR1562694	Pan_troglodytes	Pluripotent	iPSC_fibro	iPSC	#e41a1c	7
SRP045999_SRR1562695	SRP045999	SRR1562695	Pan_troglodytes	Pluripotent	iPSC_fibro	iPSC	#e41a1c	7
SRP045999_SRR1562696	SRP045999	SRR1562696	Pan_troglodytes	Pluripotent	iPSC_fibro	iPSC	#e41a1c	7
SRP045999_SRR1562697	SRP045999	SRR1562697	Pan_troglodytes	Pluripotent	iPSC_fibro	iPSC	#e41a1c	7
SRP045999_SRR1562698	SRP045999	SRR1562698	Pan_troglodytes	Pluripotent	iPSC_fibro	iPSC	#e41a1c	7
SRP045999_SRR1562699	SRP045999	SRR1562699	Pan_troglodytes	Pluripotent	iPSC_fibro	iPSC	#e41a1c	7
SRP045999_SRR1562700	SRP045999	SRR1562700	Pan_troglodytes	Pluripotent	iPSC_fibro	iPSC	#e41a1c	7
SRP045999_SRR1562701	SRP045999	SRR1562701	Pan_troglodytes	Pluripotent	iPSC_fibro	iPSC	#e41a1c	7
SRP045999_SRR1562702	SRP045999	SRR1562702	Pan_troglodytes	Pluripotent	iPSC_fibro	iPSC	#e41a1c	7
SRP045999_SRR1562703	SRP045999	SRR1562703	Pan_troglodytes	Pluripotent	iPSC_fibro	iPSC	#e41a1c	7
SRP045999_SRR1562704	SRP045999	SRR1562704	Pan_troglodytes	Pluripotent	iPSC_fibro	iPSC	#e41a1c	7
SRP045999_SRR1562705	SRP045999	SRR1562705	Pan_troglodytes	Pluripotent	iPSC_fibro	iPSC	#e41a1c	7
SRP045999_SRR1562706	SRP045999	SRR1562706	Pan_troglodytes	Pluripotent	iPSC_fibro	iPSC	#e41a1c	7
SRP045999_SRR1562707	SRP045999	SRR1562707	Pan_troglodytes	Pluripotent	iPSC_fibro	iPSC	#e41a1c	7
SRP045999_SRR1562708	SRP045999	SRR1562708	Pan_troglodytes	Pluripotent	iPSC_fibro	iPSC	#e41a1c	7
SRP045999_SRR1562709	SRP045999	SRR1562709	Pan_troglodytes	Pluripotent	iPSC_fibro	iPSC	#e41a1c	7
SRP045999_SRR1562710	SRP045999	SRR1562710	Pan_troglodytes	Pluripotent	iPSC_fibro	iPSC	#e41a1c	7
SRP045999_SRR1562711	SRP045999	SRR1562711	Pan_troglodytes	Pluripotent	iPSC_fibro	iPSC	#e41a1c	7
SRP045999_SRR1562712	SRP045999	SRR1562712	Pan_troglodytes	Pluripotent	iPSC_fibro	iPSC	#e41a1c	7
SRP045999_SRR1562713	SRP045999	SRR1562713	Pan_troglodytes	Pluripotent	iPSC_fibro	iPSC	#e41a1c	7
SRP045999_SRR1562714	SRP045999	SRR1562714	Pan_troglodytes	Pluripotent	iPSC_fibro	iPSC	#e41a1c	7
SRP045999_SRR1562715	SRP045999	SRR1562715	Pan_troglodytes	Pluripotent	iPSC_fibro	iPSC	#e41a1c	7
SRP045999_SRR1562716	SRP045999	SRR1562716	Pan_troglodytes	Pluripotent	iPSC_fibro	iPSC	#e41a1c	7
SRP045999_SRR1562717	SRP045999	SRR1562717	Pan_troglodytes	Pluripotent	iPSC_fibro	iPSC	#e41a1c	7
SRP045999_SRR1562718	SRP045999	SRR1562718	Homo_sapiens	Pluripotent	iPSC_LCL	iPSC	#e41a1c	7
SRP045999_SRR1562719	SRP045999	SRR1562719	Homo_sapiens	Pluripotent	iPSC_LCL	iPSC	#e41a1c	7
SRP045999_SRR1562720	SRP045999	SRR1562720	Homo_sapiens	Pluripotent	iPSC_LCL	iPSC	#e41a1c	7
SRP045999_SRR1562721	SRP045999	SRR1562721	Homo_sapiens	Pluripotent	iPSC_LCL	iPSC	#e41a1c	7
SRP045999_SRR1562722	SRP045999	SRR1562722	Homo_sapiens	Pluripotent	iPSC_LCL	iPSC	#e41a1c	7
SRP045999_SRR1562723	SRP045999	SRR1562723	Homo_sapiens	Pluripotent	iPSC_LCL	iPSC	#e41a1c	7
SRP045999_SRR1562724	SRP045999	SRR1562724	Homo_sapiens	Pluripotent	iPSC_LCL	iPSC	#e41a1c	7
SRP045999_SRR1562725	SRP045999	SRR1562725	Homo_sapiens	Pluripotent	iPSC_LCL	iPSC	#e41a1c	7
SRP045999_SRR1562726	SRP045999	SRR1562726	Homo_sapiens	Pluripotent	iPSC_LCL	iPSC	#e41a1c	7
SRP045999_SRR1562727	SRP045999	SRR1562727	Homo_sapiens	Pluripotent	iPSC_LCL	iPSC	#e41a1c	7
SRP045999_SRR1562728	SRP045999	SRR1562728	Homo_sapiens	Pluripotent	iPSC_LCL	iPSC	#e41a1c	7
SRP045999_SRR1562729	SRP045999	SRR1562729	Homo_sapiens	Pluripotent	iPSC_LCL	iPSC	#e41a1c	7
SRP045999_SRR1562730	SRP045999	SRR1562730	Homo_sapiens	Pluripotent	iPSC_LCL	iPSC	#e41a1c	7
SRP045999_SRR1562731	SRP045999	SRR1562731	Homo_sapiens	Pluripotent	iPSC_LCL	iPSC	#e41a1c	7
SRP045999_SRR1562732	SRP045999	SRR1562732	Homo_sapiens	Pluripotent	iPSC_LCL	iPSC	#e41a1c	7
SRP045999_SRR1562733	SRP045999	SRR1562733	Homo_sapiens	Pluripotent	iPSC_LCL	iPSC	#e41a1c	7
SRP045999_SRR1562734	SRP045999	SRR1562734	Homo_sapiens	Pluripotent	iPSC_LCL	iPSC	#e41a1c	7
SRP045999_SRR1562735	SRP045999	SRR1562735	Homo_sapiens	Pluripotent	iPSC_LCL	iPSC	#e41a1c	7
SRP045999_SRR1562736	SRP045999	SRR1562736	Homo_sapiens	Pluripotent	iPSC_fibro	iPSC	#e41a1c	7
SRP045999_SRR1562737	SRP045999	SRR1562737	Homo_sapiens	Pluripotent	iPSC_fibro	iPSC	#e41a1c	7
SRP045999_SRR1562738	SRP045999	SRR1562738	Homo_sapiens	Pluripotent	iPSC_fibro	iPSC	#e41a1c	7
SRP045999_SRR1562739	SRP045999	SRR1562739	Homo_sapiens	Pluripotent	iPSC_fibro	iPSC	#e41a1c	7
SRP045999_SRR1562740	SRP045999	SRR1562740	Homo_sapiens	Pluripotent	iPSC_fibro	iPSC	#e41a1c	7
SRP045999_SRR1562741	SRP045999	SRR1562741	Homo_sapiens	Pluripotent	iPSC_fibro	iPSC	#e41a1c	7
SRP045999_SRR1562742	SRP045999	SRR1562742	Homo_sapiens	Pluripotent	iPSC_fibro	iPSC	#e41a1c	7
SRP045999_SRR1562743	SRP045999	SRR1562743	Homo_sapiens	Pluripotent	iPSC_fibro	iPSC	#e41a1c	7
SRP045999_SRR1562744	SRP045999	SRR1562744	Homo_sapiens	Pluripotent	iPSC_fibro	iPSC	#e41a1c	7
SRP045999_SRR1562745	SRP045999	SRR1562745	Homo_sapiens	Pluripotent	iPSC_fibro	iPSC	#e41a1c	7
SRP045999_SRR1562746	SRP045999	SRR1562746	Homo_sapiens	Pluripotent	iPSC_fibro	iPSC	#e41a1c	7
SRP045999_SRR1562747	SRP045999	SRR1562747	Homo_sapiens	Pluripotent	iPSC_fibro	iPSC	#e41a1c	7
SRP045999_SRR1562748	SRP045999	SRR1562748	Homo_sapiens	Pluripotent	iPSC_LCL	iPSC	#e41a1c	7
SRP045999_SRR1562749	SRP045999	SRR1562749	Homo_sapiens	Pluripotent	iPSC_LCL	iPSC	#e41a1c	7
SRP045999_SRR1562750	SRP045999	SRR1562750	Homo_sapiens	Pluripotent	iPSC_LCL	iPSC	#e41a1c	7
SRP045999_SRR1562751	SRP045999	SRR1562751	Homo_sapiens	Pluripotent	iPSC_LCL	iPSC	#e41a1c	7
SRP045999_SRR1562752	SRP045999	SRR1562752	Homo_sapiens	Pluripotent	iPSC_LCL	iPSC	#e41a1c	7
SRP045999_SRR1562753	SRP045999	SRR1562753	Homo_sapiens	Pluripotent	iPSC_LCL	iPSC	#e41a1c	7
SRP045999_SRR1562754	SRP045999	SRR1562754	Homo_sapiens	Pluripotent	iPSC_LCL	iPSC	#e41a1c	7
SRP045999_SRR1562755	SRP045999	SRR1562755	Homo_sapiens	Pluripotent	iPSC_LCL	iPSC	#e41a1c	7
SRP045999_SRR1562756	SRP045999	SRR1562756	Homo_sapiens	Pluripotent	iPSC_LCL	iPSC	#e41a1c	7
SRP045999_SRR1562757	SRP045999	SRR1562757	Homo_sapiens	Pluripotent	iPSC_LCL	iPSC	#e41a1c	7
SRP045999_SRR1562758	SRP045999	SRR1562758	Homo_sapiens	Pluripotent	iPSC_LCL	iPSC	#e41a1c	7
SRP045999_SRR1562759	SRP045999	SRR1562759	Homo_sapiens	Pluripotent	iPSC_LCL	iPSC	#e41a1c	7
SRP045999_SRR1562760	SRP045999	SRR1562760	Pan_troglodytes	Differentiated	dermal_fibro	fibroblast	#377eb8	7
SRP045999_SRR1562761	SRP045999	SRR1562761	Pan_troglodytes	Differentiated	dermal_fibro	fibroblast	#377eb8	7
SRP045999_SRR1562762	SRP045999	SRR1562762	Pan_troglodytes	Differentiated	dermal_fibro	fibroblast	#377eb8	7
SRP045999_SRR1562763	SRP045999	SRR1562763	Pan_troglodytes	Differentiated	dermal_fibro	fibroblast	#377eb8	7
SRP045999_SRR1562764	SRP045999	SRR1562764	Pan_troglodytes	Differentiated	dermal_fibro	fibroblast	#377eb8	7
SRP045999_SRR1562765	SRP045999	SRR1562765	Pan_troglodytes	Differentiated	dermal_fibro	fibroblast	#377eb8	7
SRP045999_SRR1562766	SRP045999	SRR1562766	Pan_troglodytes	Differentiated	dermal_fibro	fibroblast	#377eb8	7
SRP045999_SRR1562767	SRP045999	SRR1562767	Pan_troglodytes	Differentiated	dermal_fibro	fibroblast	#377eb8	7
SRP045999_SRR1562768	SRP045999	SRR1562768	Pan_troglodytes	Differentiated	dermal_fibro	fibroblast	#377eb8	7
SRP045999_SRR1562769	SRP045999	SRR1562769	Pan_troglodytes	Differentiated	dermal_fibro	fibroblast	#377eb8	7
SRP045999_SRR1562770	SRP045999	SRR1562770	Pan_troglodytes	Differentiated	dermal_fibro	fibroblast	#377eb8	7
SRP045999_SRR1562771	SRP045999	SRR1562771	Pan_troglodytes	Differentiated	dermal_fibro	fibroblast	#377eb8	7
SRP045999_SRR1562772	SRP045999	SRR1562772	Pan_troglodytes	Differentiated	dermal_fibro	fibroblast	#377eb8	7
SRP045999_SRR1562773	SRP045999	SRR1562773	Pan_troglodytes	Differentiated	dermal_fibro	fibroblast	#377eb8	7
SRP045999_SRR1562774	SRP045999	SRR1562774	Pan_troglodytes	Differentiated	dermal_fibro	fibroblast	#377eb8	7
SRP045999_SRR1562775	SRP045999	SRR1562775	Pan_troglodytes	Differentiated	dermal_fibro	fibroblast	#377eb8	7
SRP045999_SRR1562776	SRP045999	SRR1562776	Pan_troglodytes	Differentiated	dermal_fibro	fibroblast	#377eb8	7
SRP045999_SRR1562777	SRP045999	SRR1562777	Pan_troglodytes	Differentiated	dermal_fibro	fibroblast	#377eb8	7
SRP045999_SRR1562778	SRP045999	SRR1562778	Pan_troglodytes	Differentiated	dermal_fibro	fibroblast	#377eb8	7
SRP045999_SRR1562779	SRP045999	SRR1562779	Pan_troglodytes	Differentiated	dermal_fibro	fibroblast	#377eb8	7
SRP045999_SRR1562780	SRP045999	SRR1562780	Pan_troglodytes	Differentiated	dermal_fibro	fibroblast	#377eb8	7
SRP045999_SRR1562781	SRP045999	SRR1562781	Pan_troglodytes	Differentiated	dermal_fibro	fibroblast	#377eb8	7
SRP045999_SRR1562782	SRP045999	SRR1562782	Pan_troglodytes	Differentiated	dermal_fibro	fibroblast	#377eb8	7
SRP045999_SRR1562783	SRP045999	SRR1562783	Pan_troglodytes	Differentiated	dermal_fibro	fibroblast	#377eb8	7
SRP045999_SRR1562784	SRP045999	SRR1562784	Pan_troglodytes	Differentiated	dermal_fibro	fibroblast	#377eb8	7
SRP045999_SRR1562785	SRP045999	SRR1562785	Pan_troglodytes	Differentiated	dermal_fibro	fibroblast	#377eb8	7
SRP045999_SRR1562786	SRP045999	SRR1562786	Pan_troglodytes	Differentiated	dermal_fibro	fibroblast	#377eb8	7
SRP045999_SRR1562787	SRP045999	SRR1562787	Pan_troglodytes	Differentiated	dermal_fibro	fibroblast	#377eb8	7
SRP045999_SRR1562788	SRP045999	SRR1562788	Pan_troglodytes	Differentiated	dermal_fibro	fibroblast	#377eb8	7
SRP045999_SRR1562789	SRP045999	SRR1562789	Pan_troglodytes	Differentiated	dermal_fibro	fibroblast	#377eb8	7
SRP045999_SRR1562790	SRP045999	SRR1562790	Pan_troglodytes	Differentiated	dermal_fibro	fibroblast	#377eb8	7
SRP045999_SRR1562791	SRP045999	SRR1562791	Pan_troglodytes	Differentiated	dermal_fibro	fibroblast	#377eb8	7
SRP045999_SRR1562792	SRP045999	SRR1562792	Homo_sapiens	Differentiated	dermal_fibro	fibroblast	#377eb8	7
SRP045999_SRR1562793	SRP045999	SRR1562793	Homo_sapiens	Differentiated	dermal_fibro	fibroblast	#377eb8	7
SRP045999_SRR1562794	SRP045999	SRR1562794	Homo_sapiens	Differentiated	dermal_fibro	fibroblast	#377eb8	7
SRP045999_SRR1562795	SRP045999	SRR1562795	Homo_sapiens	Differentiated	dermal_fibro	fibroblast	#377eb8	7
SRP045999_SRR1562796	SRP045999	SRR1562796	Homo_sapiens	Differentiated	dermal_fibro	fibroblast	#377eb8	7
SRP045999_SRR1562797	SRP045999	SRR1562797	Homo_sapiens	Differentiated	dermal_fibro	fibroblast	#377eb8	7
SRP045999_SRR1562798	SRP045999	SRR1562798	Homo_sapiens	Differentiated	dermal_fibro	fibroblast	#377eb8	7
SRP045999_SRR1562799	SRP045999	SRR1562799	Homo_sapiens	Differentiated	dermal_fibro	fibroblast	#377eb8	7
SRP045999_SRR1562800	SRP045999	SRR1562800	Homo_sapiens	Differentiated	LCL	lymphoblastoid	#ff7f00	7
SRP045999_SRR1562801	SRP045999	SRR1562801	Homo_sapiens	Differentiated	LCL	lymphoblastoid	#ff7f00	7
SRP045999_SRR1562802	SRP045999	SRR1562802	Homo_sapiens	Differentiated	LCL	lymphoblastoid	#ff7f00	7
SRP045999_SRR1562803	SRP045999	SRR1562803	Homo_sapiens	Differentiated	LCL	lymphoblastoid	#ff7f00	7
SRP045999_SRR1562804	SRP045999	SRR1562804	Homo_sapiens	Differentiated	LCL	lymphoblastoid	#ff7f00	7
SRP045999_SRR1562805	SRP045999	SRR1562805	Homo_sapiens	Differentiated	LCL	lymphoblastoid	#ff7f00	7
SRP045999_SRR1562806	SRP045999	SRR1562806	Homo_sapiens	Differentiated	LCL	lymphoblastoid	#ff7f00	7
SRP045999_SRR1562807	SRP045999	SRR1562807	Homo_sapiens	Differentiated	LCL	lymphoblastoid	#ff7f00	7
SRP045999_SRR1562808	SRP045999	SRR1562808	Homo_sapiens	Differentiated	LCL	lymphoblastoid	#ff7f00	7
SRP045999_SRR1562809	SRP045999	SRR1562809	Homo_sapiens	Differentiated	LCL	lymphoblastoid	#ff7f00	7
SRP045999_SRR1562810	SRP045999	SRR1562810	Homo_sapiens	Differentiated	LCL	lymphoblastoid	#ff7f00	7
SRP045999_SRR1562811	SRP045999	SRR1562811	Homo_sapiens	Differentiated	LCL	lymphoblastoid	#ff7f00	7
SRP045999_SRR1562812	SRP045999	SRR1562812	Homo_sapiens	Differentiated	LCL	lymphoblastoid	#ff7f00	7
SRP045999_SRR1562813	SRP045999	SRR1562813	Homo_sapiens	Differentiated	LCL	lymphoblastoid	#ff7f00	7
SRP049340_SRR1633300	SRP049340	SRR1633300	Homo_sapiens	Differentiated	hiF	fibroblast	#377eb8	8
SRP049340_SRR1633301	SRP049340	SRR1633301	Homo_sapiens	Differentiated	hiF	fibroblast	#377eb8	8
SRP049340_SRR1633302	SRP049340	SRR1633302	Homo_sapiens	Differentiated	hiF	fibroblast	#377eb8	8
SRP049340_SRR1633303	SRP049340	SRR1633303	Homo_sapiens	Differentiated	hiF	fibroblast	#377eb8	8
SRP049340_SRR1633304	SRP049340	SRR1633304	Homo_sapiens	Differentiated	hiF	fibroblast	#377eb8	8
SRP049340_SRR1633305	SRP049340	SRR1633305	Homo_sapiens	Differentiated	hiF	fibroblast	#377eb8	8
SRP049340_SRR1633306	SRP049340	SRR1633306	Homo_sapiens	Differentiated	hiF	fibroblast	#377eb8	8
SRP049340_SRR1633307	SRP049340	SRR1633307	Homo_sapiens	Differentiated	hiF	fibroblast	#377eb8	8
SRP049340_SRR1633308	SRP049340	SRR1633308	Homo_sapiens	Differentiated	hiF	fibroblast	#377eb8	8
SRP049340_SRR1633309	SRP049340	SRR1633309	Homo_sapiens	Differentiated	hiF	fibroblast	#377eb8	8
SRP049340_SRR1633310	SRP049340	SRR1633310	Homo_sapiens	Differentiated	hiF	fibroblast	#377eb8	8
SRP049340_SRR1633311	SRP049340	SRR1633311	Homo_sapiens	Differentiated	hiF	fibroblast	#377eb8	8
SRP049340_SRR1633312	SRP049340	SRR1633312	Homo_sapiens	Differentiated	hiF	fibroblast	#377eb8	8
SRP049340_SRR1633313	SRP049340	SRR1633313	Homo_sapiens	Differentiated	hiF	fibroblast	#377eb8	8
SRP049340_SRR1633314	SRP049340	SRR1633314	Homo_sapiens	Differentiated	hiF	fibroblast	#377eb8	8
SRP049340_SRR1633315	SRP049340	SRR1633315	Homo_sapiens	Differentiated	hiF	fibroblast	#377eb8	8
SRP049340_SRR1633316	SRP049340	SRR1633316	Homo_sapiens	Differentiated	hiF	fibroblast	#377eb8	8
SRP049340_SRR1633317	SRP049340	SRR1633317	Homo_sapiens	Differentiated	hiF	fibroblast	#377eb8	8
SRP049340_SRR1633318	SRP049340	SRR1633318	Homo_sapiens	Differentiated	hiF-T	fibroblast	#377eb8	8
SRP049340_SRR1633319	SRP049340	SRR1633319	Homo_sapiens	Differentiated	hiF-T	fibroblast	#377eb8	8
SRP049340_SRR1633320	SRP049340	SRR1633320	Homo_sapiens	Differentiated	hiF-T	fibroblast	#377eb8	8
SRP049340_SRR1633321	SRP049340	SRR1633321	Homo_sapiens	Differentiated	hiF-T	fibroblast	#377eb8	8
SRP049340_SRR1633322	SRP049340	SRR1633322	Homo_sapiens	Differentiated	hiF-T	fibroblast	#377eb8	8
SRP049340_SRR1633323	SRP049340	SRR1633323	Homo_sapiens	Differentiated	hiF-T	fibroblast	#377eb8	8
SRP049340_SRR1633324	SRP049340	SRR1633324	Homo_sapiens	Differentiated	hiF-T	fibroblast	#377eb8	8
SRP049340_SRR1633325	SRP049340	SRR1633325	Homo_sapiens	Differentiated	hiF-T	fibroblast	#377eb8	8
SRP049340_SRR1633326	SRP049340	SRR1633326	Homo_sapiens	Differentiated	hiF-T	fibroblast	#377eb8	8
SRP049340_SRR1633327	SRP049340	SRR1633327	Homo_sapiens	Differentiated	hiF-T	fibroblast	#377eb8	8
SRP049340_SRR1633328	SRP049340	SRR1633328	Homo_sapiens	Differentiated	hiF-T	fibroblast	#377eb8	8
SRP049340_SRR1633349	SRP049340	SRR1633349	Homo_sapiens	Pluripotent	iPSC_hiF	iPSC	#e41a1c	8
SRP049340_SRR1633350	SRP049340	SRR1633350	Homo_sapiens	Pluripotent	iPSC_hiF	iPSC	#e41a1c	8
SRP049340_SRR1633351	SRP049340	SRR1633351	Homo_sapiens	Pluripotent	iPSC_hiF	iPSC	#e41a1c	8
SRP049340_SRR1633352	SRP049340	SRR1633352	Homo_sapiens	Pluripotent	iPSC_hiF	iPSC	#e41a1c	8
SRP049340_SRR1633353	SRP049340	SRR1633353	Homo_sapiens	Pluripotent	iPSC_hiF-T	iPSC	#e41a1c	8
SRP049340_SRR1633354	SRP049340	SRR1633354	Homo_sapiens	Pluripotent	iPSC_hiF-T	iPSC	#e41a1c	8
SRP049340_SRR1633355	SRP049340	SRR1633355	Homo_sapiens	Pluripotent	iPSC_hiF-T	iPSC	#e41a1c	8
SRP049340_SRR1633356	SRP049340	SRR1633356	Homo_sapiens	Pluripotent	iPSC_hiF-T	iPSC	#e41a1c	8
SRP049340_SRR1633357	SRP049340	SRR1633357	Homo_sapiens	Pluripotent	iPSC_hiF-T	iPSC	#e41a1c	8
SRP049340_SRR1633358	SRP049340	SRR1633358	Homo_sapiens	Pluripotent	iPSC_hiF-T	iPSC	#e41a1c	8
SRP049340_SRR1633359	SRP049340	SRR1633359	Homo_sapiens	Pluripotent	iPSC_hiF-T	iPSC	#e41a1c	8
SRP049340_SRR1633360	SRP049340	SRR1633360	Homo_sapiens	Pluripotent	iPSC_hiF-T	iPSC	#e41a1c	8
SRP049340_SRR1633361	SRP049340	SRR1633361	Homo_sapiens	Pluripotent	iPSC_hiF-T	iPSC	#e41a1c	8
SRP049340_SRR1633362	SRP049340	SRR1633362	Homo_sapiens	Pluripotent	iPSC_hiF-T	iPSC	#e41a1c	8
SRP049340_SRR1633363	SRP049340	SRR1633363	Homo_sapiens	Pluripotent	iPSC_hiF-T	iPSC	#e41a1c	8
SRP049340_SRR1633364	SRP049340	SRR1633364	Homo_sapiens	Pluripotent	iPSC_hiF-T	iPSC	#e41a1c	8
SRP052014_SRR1752080	SRP052014	SRR1752080	Mus_musculus	Pluripotent	iPSC_SSC	iPSC	#e41a1c	9
SRP052014_SRR1752081	SRP052014	SRR1752081	Mus_musculus	Pluripotent	iPSC_SSC	iPSC	#e41a1c	9
SRP052014_SRR1752082	SRP052014	SRR1752082	Mus_musculus	Pluripotent	iPSC_SSC	iPSC	#e41a1c	9
SRP052014_SRR1752086	SRP052014	SRR1752086	Mus_musculus	Differentiated	SSC	SSC	#984ea3	9
SRP052014_SRR1752087	SRP052014	SRR1752087	Mus_musculus	Differentiated	SSC	SSC	#984ea3	9
SRP052014_SRR1752088	SRP052014	SRR1752088	Mus_musculus	Differentiated	SSC	SSC	#984ea3	9
SRP056571_SRR1930152	SRP056571	SRR1930152	Mus_musculus	Differentiated	MEF	fibroblast	#377eb8	10
SRP056571_SRR1930153	SRP056571	SRR1930153	Mus_musculus	Differentiated	MEF	fibroblast	#377eb8	10
SRP056571_SRR1930161	SRP056571	SRR1930161	Mus_musculus	Pluripotent	iPSC	iPSC	#e41a1c	10
SRP056571_SRR1930162	SRP056571	SRR1930162	Mus_musculus	Pluripotent	iPSC	iPSC	#e41a1c	10
SRP059670_SRR2070926	SRP059670	SRR2070926	Mus_musculus	Differentiated	MEF	fibroblast	#377eb8	11
SRP059670_SRR2070927	SRP059670	SRR2070927	Mus_musculus	Differentiated	MEF	fibroblast	#377eb8	11
SRP059670_SRR2070928	SRP059670	SRR2070928	Mus_musculus	Differentiated	MEF	fibroblast	#377eb8	11
SRP059670_SRR2070944	SRP059670	SRR2070944	Mus_musculus	Pluripotent	iPSC	iPSC	#e41a1c	11
SRP059670_SRR2070945	SRP059670	SRR2070945	Mus_musculus	Pluripotent	iPSC	iPSC	#e41a1c	11
SRP059670_SRR2070946	SRP059670	SRR2070946	Mus_musculus	Pluripotent	iPSC	iPSC	#e41a1c	11
SRP059670_SRR2070947	SRP059670	SRR2070947	Mus_musculus	Differentiated	MEF	fibroblast	#377eb8	11
SRP059670_SRR2070948	SRP059670	SRR2070948	Mus_musculus	Differentiated	MEF	fibroblast	#377eb8	11
SRP059670_SRR2070949	SRP059670	SRR2070949	Mus_musculus	Differentiated	MEF	fibroblast	#377eb8	11
SRP059670_SRR2070965	SRP059670	SRR2070965	Mus_musculus	Pluripotent	iPSC	iPSC	#e41a1c	11
SRP059670_SRR2070966	SRP059670	SRR2070966	Mus_musculus	Pluripotent	iPSC	iPSC	#e41a1c	11
SRP059670_SRR2070967	SRP059670	SRR2070967	Mus_musculus	Pluripotent	iPSC	iPSC	#e41a1c	11
SRP063867_SRR2453299	SRP063867	SRR2453299	Homo_sapiens	Differentiated	fibro_isogenic	fibroblast	#377eb8	13
SRP063867_SRR2453300	SRP063867	SRR2453300	Homo_sapiens	Differentiated	fibro_isogenic	fibroblast	#377eb8	13
SRP063867_SRR2453301	SRP063867	SRR2453301	Homo_sapiens	Pluripotent	iPSC_isogenic	iPSC	#e41a1c	13
SRP063867_SRR2453302	SRP063867	SRR2453302	Homo_sapiens	Differentiated	fibro_isogenic	fibroblast	#377eb8	13
SRP063867_SRR2453303	SRP063867	SRR2453303	Homo_sapiens	Pluripotent	iPSC_isogenic	iPSC	#e41a1c	13
SRP063867_SRR2453304	SRP063867	SRR2453304	Homo_sapiens	Pluripotent	iPSC_isogenic	iPSC	#e41a1c	13
SRP063867_SRR2453305	SRP063867	SRR2453305	Homo_sapiens	Differentiated	fibro_isogenic	fibroblast	#377eb8	13
SRP063867_SRR2453306	SRP063867	SRR2453306	Homo_sapiens	Pluripotent	iPSC_isogenic	iPSC	#e41a1c	13
SRP063867_SRR2453307	SRP063867	SRR2453307	Homo_sapiens	Differentiated	fibro_isogenic	fibroblast	#377eb8	13
SRP063867_SRR2453308	SRP063867	SRR2453308	Homo_sapiens	Pluripotent	iPSC_isogenic	iPSC	#e41a1c	13
SRP063867_SRR2453309	SRP063867	SRR2453309	Homo_sapiens	Differentiated	fibro_isogenic	fibroblast	#377eb8	13
SRP063867_SRR2453310	SRP063867	SRR2453310	Homo_sapiens	Pluripotent	iPSC_isogenic	iPSC	#e41a1c	13
SRP063867_SRR2453311	SRP063867	SRR2453311	Homo_sapiens	Differentiated	fibro_isogenic	fibroblast	#377eb8	13
SRP063867_SRR2453312	SRP063867	SRR2453312	Homo_sapiens	Pluripotent	iPSC_isogenic	iPSC	#e41a1c	13
SRP063867_SRR2453313	SRP063867	SRR2453313	Homo_sapiens	Pluripotent	iPSC_isogenic	iPSC	#e41a1c	13
SRP063867_SRR2453314	SRP063867	SRR2453314	Homo_sapiens	Pluripotent	iPSC_isogenic	iPSC	#e41a1c	13
SRP063867_SRR2453318	SRP063867	SRR2453318	Homo_sapiens	Differentiated	fibro_isogenic	fibroblast	#377eb8	13
SRP063867_SRR2453319	SRP063867	SRR2453319	Homo_sapiens	Differentiated	fibro_isogenic	fibroblast	#377eb8	13
SRP063867_SRR2453320	SRP063867	SRR2453320	Homo_sapiens	Differentiated	fibro_isogenic	fibroblast	#377eb8	13
SRP063867_SRR2453323	SRP063867	SRR2453323	Homo_sapiens	Differentiated	fibro_isogenic	fibroblast	#377eb8	13
SRP063867_SRR2453332	SRP063867	SRR2453332	Homo_sapiens	Differentiated	fibro_isogenic	fibroblast	#377eb8	13
SRP063867_SRR2453333	SRP063867	SRR2453333	Homo_sapiens	Differentiated	fibro_isogenic	fibroblast	#377eb8	13
SRP063867_SRR2453334	SRP063867	SRR2453334	Homo_sapiens	Differentiated	fibro_isogenic	fibroblast	#377eb8	13
SRP063867_SRR2453335	SRP063867	SRR2453335	Homo_sapiens	Differentiated	fibro_isogenic	fibroblast	#377eb8	13
SRP063867_SRR2453336	SRP063867	SRR2453336	Homo_sapiens	Differentiated	fibro_isogenic	fibroblast	#377eb8	13
SRP063867_SRR2453341	SRP063867	SRR2453341	Homo_sapiens	Differentiated	fibro_isogenic	fibroblast	#377eb8	13
SRP064357_SRR2541723	SRP064357	SRR2541723	Mus_musculus	Differentiated	MEF	fibroblast	#377eb8	14
SRP064357_SRR2541724	SRP064357	SRR2541724	Mus_musculus	Differentiated	MEF	fibroblast	#377eb8	14
SRP064357_SRR2541737	SRP064357	SRR2541737	Mus_musculus	Pluripotent	ciPSC	iPSC	#e41a1c	14
SRP064357_SRR2541738	SRP064357	SRR2541738	Mus_musculus	Pluripotent	ciPSC	iPSC	#e41a1c	14
SRP064357_SRR2541739	SRP064357	SRR2541739	Mus_musculus	Pluripotent	ciPSC	iPSC	#e41a1c	14
SRP064357_SRR2541740	SRP064357	SRR2541740	Mus_musculus	Pluripotent	ciPSC	iPSC	#e41a1c	14
SRP064357_SRR2541741	SRP064357	SRR2541741	Mus_musculus	Pluripotent	ciPSC	iPSC	#e41a1c	14
SRP064357_SRR2541742	SRP064357	SRR2541742	Mus_musculus	Pluripotent	ciPSC	iPSC	#e41a1c	14
SRP064357_SRR2541743	SRP064357	SRR2541743	Mus_musculus	Pluripotent	ciPSC	iPSC	#e41a1c	14
